Country,1995,1996,1997,1998,1999,2000,2001,2002,2003,2004,2005,2006,2007,2008,2009,2010,2011,2012,2013,2014,2015,2016,2017,2018,2019,2020,2021,2022
AFG,,,,,,,,,,,,,,,,,,,,,,,,,-0.231583281,-0.557996802,-0.739800765,-0.859119057
ALB,,,,,,,,,,,,,,,,,,,,-0.769019283,-1.173750163,-1.006750139,-0.753623917,-0.1046362,-0.269192268,-0.180392775,-0.365290174,-0.342565773
DZA,,,,,-1.291740343,-1.380682843,-1.502103377,-1.373267885,-1.430891935,-1.246373489,-1.38779309,-0.801102182,-0.67511029,-0.501360885,-0.279095248,-0.54318187,-0.611213607,-0.424125939,-0.536840468,-0.293956418,-0.185347674,-0.606032873,-1.272765138,-1.809160574,-1.492957469,-1.469856195,-1.204358487,-1.108850674
AGO,,,,,,,,,,,,,,,,,,,,,,,,,,,,
ARG,,,,,-0.051536925,0.014438597,0.006440095,0.064704486,0.043896634,0.155699348,0.173828167,0.223422348,0.160448535,0.288757493,0.244960925,0.320730112,0.385049201,0.416461693,0.577388096,0.554223768,0.549479463,0.681816366,0.847676009,0.814265622,0.987731082,0.970965263,1.102821159,1.117795151
ARM,,,,,-1.467286739,-1.570194795,-1.512302704,-1.64445184,-1.848251354,-1.782714555,-1.815966998,-1.512615196,-1.199545281,-1.044338557,-0.721840723,-1.032345682,-1.079045135,-0.771896659,-0.874990017,-0.628364367,-0.446501104,-0.535375339,-0.981480132,-0.853313584,-0.624106536,-0.517060329,-0.577933158,-0.625444257
AUS,,,,,2.604073596,2.501965245,2.400523288,2.421287498,2.41305088,2.354178606,2.322387822,2.475375491,2.410099567,2.320005109,2.16235229,2.378013628,2.391635105,2.261492653,2.270025436,2.08989195,2.022270523,2.247812876,2.347687333,2.067796368,1.972385175,2.079946439,2.092272154,2.184815772
AUT,,,,,0.860576621,0.85189178,0.747512094,0.901473895,0.827719644,1.047721747,0.97635564,1.269784517,1.249940869,1.282884399,1.29891633,1.279390164,1.379455347,1.330636328,1.37159418,1.3083365,1.300588923,1.294970567,1.417661308,1.043480596,1.314280027,1.55786883,1.560944914,1.694148887
AZE,,,,,-1.993268549,-1.990690945,-2.15799072,-2.636103923,-2.729665444,-2.215196348,-1.984676055,-1.607288438,-1.483157814,-1.071073567,-0.818298488,-1.242283139,-1.441123211,-1.260218489,-1.431434576,-0.948967459,-0.732539477,-1.046475325,-1.871017238,-2.435138385,-2.088065709,-1.80968289,-1.509811078,-1.658703048
BGD,,,,,-0.208396041,-0.287261381,-0.259513976,-0.316016254,-0.269504524,-0.417649927,-0.135946942,-0.262408735,-0.422371924,-0.570630569,-0.674215265,-0.63301032,-0.651830132,-0.684942136,-0.701643193,-0.555039172,-0.585069707,-0.510272638,-0.5820234,-0.55462088,-0.585221195,-0.450329228,-0.510280477,-0.343270477
BLR,,,,,-1.278137565,-1.501125483,-1.589639399,-1.68411408,-1.769755499,-1.653053173,-1.92470389,-1.320224264,-1.060626266,-0.513060675,-0.248640419,-0.796514786,-0.837569513,-0.630560939,-1.031842021,-0.693913519,-0.42337307,-0.699868937,-1.7150835,-2.202853412,-1.737344328,-1.313241517,-1.104643119,-1.257425572
BEL,,,,,1.021266325,0.969128119,0.959709282,0.942429738,0.887006006,1.052842551,1.05802194,1.390943166,1.47298303,1.408366888,1.422548037,1.415687448,1.502143936,1.597848363,1.667793061,1.581681467,1.548973553,1.668414572,1.794752257,1.575321734,1.713672346,1.839423559,1.888706561,1.84340985
BEN,,,,,,,,,,-0.156362207,-0.09795196,-0.954328788,-1.129564643,-1.3850459,-1.405489486,-1.206104585,-1.195657081,-1.19848905,-1.020111544,-1.303465161,-1.272456943,-1.213547917,-0.583910102,0.106706762,-0.066051863,-0.219709421,-0.491803313,-0.482383271
BOL,,,,,0.049161392,0.109302988,0.265461075,0.165549558,0.080029193,-0.231574884,0.054781761,-0.654833259,-0.642993603,-0.91014968,-0.9005049,-0.610776415,-0.733475675,-0.812182465,-0.791662012,-0.843378853,-0.921039616,-0.588761487,-0.538852265,0.174911626,-0.163260299,-0.409945979,-0.636331217,-0.48140647
BIH,,,,,,,,,,,-1.462596429,-1.171198366,-0.545473393,-0.24379596,0.028834022,-0.445196007,-0.468165611,-0.60369899,-0.738716016,-0.677934344,-0.255120782,-0.239323343,-0.385583236,-0.547741092,-0.837288337,-0.845972638,-0.933313649,-1.06516823
BWA,,,,,-0.109848353,-0.177700142,0.170193611,0.025225261,-0.086158616,-0.051794938,0.041064544,-0.435750054,-0.506838047,-0.783773103,-0.900023504,-0.619035791,-0.549766256,-0.751224086,-0.590329844,-1.090280069,-1.172247517,-1.050925489,-0.738084274,-0.545202565,-0.865494159,-0.942058557,-0.896191037,-0.944405974
BRA,,,,,0.179382156,0.153006158,0.151397729,0.075907355,-0.01319244,0.135207404,0.309123714,0.444644376,0.598818459,0.76787517,0.840773624,0.872519289,0.908523444,0.94506266,1.05591837,0.905194509,1.041653212,1.178215121,1.288736287,1.099142046,1.191162082,1.226003275,1.265778165,1.191931766
BGR,,,,,-0.885774417,-0.948899267,-0.993982439,-1.005540466,-0.921008048,-0.780518827,-0.847451001,-0.358973211,-0.26992578,-0.118969119,-0.051871704,-0.29718008,-0.280475031,-0.20989907,-0.262921783,-0.109370612,0.041976278,-0.114353377,-0.315945129,-0.744404312,-0.646668782,-0.685401822,-0.850982786,-0.960871267
BFA,,,,,-0.240428654,-0.061937639,0.211966609,0.177942229,0.198980872,-0.018388728,0.100537137,-0.7339852,-0.78899241,-1.013307957,-1.166557282,-0.919360378,-0.807958872,-1.027153783,-1.060712731,-1.269513903,-1.300515808,-1.022512682,-0.383017115,0.364736322,0.116670747,-0.146767989,-0.478576256,-0.611159666
MMR,,,,,,,,,,,,,,,,,,,,,,-1.575669688,-0.727268,-0.05788996,-0.594135246,-0.908328373,-0.919225979,-1.061493869
KHM,,,,,,,,,,,,-0.866504856,-1.151633277,-1.231701936,-1.187434502,-0.988891151,-0.909015741,-1.167549844,-1.08524473,-1.268253384,-1.33509391,-0.92977143,-0.188937491,0.412570688,0.216046374,-0.016999556,-0.369978949,-0.537987089
CMR,,,,,-0.528980865,-0.302484892,0.032135772,-0.039054822,-0.088852302,-0.27029179,-0.243851042,-0.75985153,-0.869310746,-0.8500626,-0.776015986,-0.673505877,-0.710098218,-0.790474105,-0.767329948,-0.849435348,-0.802710017,-0.580506874,-0.367541575,-0.040358664,-0.216355871,-0.200397026,-0.446363459,-0.613340817
CAN,,,,,2.402768024,2.25445864,2.143336193,2.124039023,2.103897081,2.109676882,1.981653214,2.289125687,2.238771189,2.19989134,2.107860536,2.268914936,2.306754599,2.212314263,2.201345204,2.061552195,1.953319539,2.202722504,2.333473367,1.982867902,2.062166491,2.197379924,2.213143919,2.259899846
TCD,,,,,,,,,,,,,,,,,,,,,,,,,,,,
CHL,,,,,0.060303316,0.144510454,0.105473,0.086706942,0.115093053,0.285389876,0.292663472,0.243186392,0.435577552,0.527389548,0.666462503,0.702640792,0.835948378,0.902668338,0.808191274,1.008395435,0.892957614,1.110072474,1.235026636,0.931245315,1.107381727,1.234203478,1.276220496,1.215946649
CHN,,,,,-0.593609659,-0.767745233,-0.897649264,-0.798619317,-0.857077013,-0.867687087,-1.02476759,-0.464399171,-0.288940835,-0.029700733,0.019319485,-0.21760565,-0.272761569,-0.131832236,-0.438414044,-0.141048781,-0.071628263,-0.476231761,-1.121833299,-1.848968384,-1.488928542,-1.333573114,-0.900887322,-0.726838211
TWN,,,,,0.102251597,0.161098221,-0.101433652,-0.199569671,-0.290045741,-0.002489147,-0.076645447,0.528842921,0.707844105,0.759124808,0.823575878,0.530881095,0.412959054,0.596229516,0.505567758,0.826559604,0.924694728,0.591079972,-0.119784471,-0.953681543,-0.669422369,-0.455834197,-0.331518387,-0.263984196
COL,,,,,-0.261685706,-0.076169981,-0.057640953,-0.128274662,-0.116048055,-0.163324719,-0.135570899,-0.203663639,-0.077527765,-0.004874922,-0.012867042,0.03920176,0.112327257,0.165550057,0.37150085,0.390288523,0.517855188,0.417383292,0.578199196,0.538260842,0.607412691,0.576398854,0.591835742,0.594095474
CRI,,,,,-0.258566905,-0.260918674,0.038003585,0.022184885,0.219645251,0.152805902,0.269840466,-0.213343455,-0.22675217,-0.386864281,-0.444464715,-0.226787159,-0.223920984,-0.406191067,-0.502512584,-0.634048145,-0.688611139,-0.456797997,-0.136542282,0.168204859,0.101798538,0.092237819,-0.20066224,-0.479875276
CIV,,,,,-0.222429326,-0.109420659,0.140332968,0.161659561,0.278697431,0.023037475,-0.09082272,-0.803973892,-0.982196353,-1.328035238,-1.40214815,-1.227337377,-1.209800682,-1.344493587,-1.32842661,-1.558258803,-1.457833698,-1.187854521,-0.601139743,-0.020833529,-0.312747483,-0.448191354,-0.632731253,-0.873376852
HRV,,,,,-0.233444362,-0.15013432,-0.195486522,-0.090214698,0.078369544,0.10584695,0.173808063,0.071191769,-0.028702948,-0.025295423,-0.035025101,-0.04194396,0.054230202,0.068168691,0.17254945,0.318111581,0.415677749,0.533671138,0.660696064,0.341100626,0.402740574,0.435133318,0.349689137,0.137523201
CUB,,,,,-0.433016082,-0.482677893,-0.519184093,-0.438262781,-0.556870547,-0.437308274,-0.387646744,-0.390511036,-0.347095995,-0.43444854,-0.55860046,-0.43262938,-0.42687206,-0.469759534,-0.474910966,-0.610340457,-0.440554878,-0.475169965,-0.249195761,-0.228095497,-0.183964074,-0.289552969,-0.661231789,-1.091667339
CZE,,,,,-0.111001801,-0.181507241,-0.23894076,-0.173155656,-0.182496668,-0.044435646,-0.198895612,0.079259459,0.108698509,0.120175264,0.175110781,0.071989821,0.014170003,0.234849064,0.261863465,0.526959968,0.534283469,0.331051309,-0.035198019,-0.440114436,-0.083937375,-0.032408318,0.170451469,0.252497424
COD,,,,,,,,,,,,,,,,,,,,,,,,0.066633671,-0.18038867,-0.315380496,-0.135232067,-0.127568897
DNK,,,,,1.033295988,1.090485099,1.147552621,1.244011359,1.184500165,1.320079895,1.291356055,1.340212253,1.296420745,1.248293187,1.178709407,1.341442605,1.452249847,1.348172342,1.440814186,1.344318188,1.366352611,1.552857782,1.80530473,1.578156092,1.591932136,1.694250021,1.735279314,1.789049872
DOM,,,,,,,,,,,,,,,,,,,,,,,,,,-0.25342173,-0.872870721,-1.150144953
ECU,,,,,-0.145965012,-0.179073517,-0.118045004,-0.201794547,-0.141647305,-0.089611467,0.199255652,-0.431481576,-0.512702389,-0.810383838,-0.878500194,-0.494011413,-0.415150897,-0.442778379,-0.378169169,-0.470740253,-0.592816471,-0.519799199,-0.340376048,-0.246785341,-0.324513997,-0.326772397,-0.301283768,-0.420659469
EGY,,,,,-0.630213612,-0.714307726,-0.793476133,-0.877964035,-0.886651188,-0.762204291,-0.820457395,-0.627718226,-0.423946064,-0.356743904,-0.219219804,-0.487345091,-0.502322885,-0.196490272,-0.198186211,-0.113693199,0.022487064,-0.004356856,-0.259462218,-0.623804831,-0.458277895,-0.319554419,-0.137377488,-0.228408937
SLV,,,,,,,,,,,,,,,,,,,,,,,,,,,,
ETH,,,,,-0.115638374,-0.006357454,0.054600959,0.1801535,0.3060385,0.205501905,0.249754476,-0.409723069,-0.527388564,-0.707415638,-0.797235551,-0.554977495,-0.627473503,-0.766587657,-0.678616199,-0.730286515,-0.711265452,-0.438843053,-0.017759034,0.412276424,0.345283308,0.301180065,0.215240115,-0.059327419
FIN,,,,,1.567794231,1.582606698,1.531146845,1.445000216,1.440093231,1.451628877,1.43453972,1.703009941,1.65341237,1.613953322,1.656585222,1.686083321,1.71196502,1.675911671,1.540070586,1.5700053,1.471988758,1.589320232,1.576063613,1.275376294,1.401068838,1.532199547,1.619530777,1.562938889
FRA,,,,,0.369975537,0.307745773,0.195023327,0.300444874,0.313164641,0.567345613,0.691510147,1.065113719,1.167221116,1.370728621,1.384551825,1.34172133,1.374203982,1.334088904,1.325395067,1.437756463,1.366466199,1.38066402,1.385250841,1.021554869,1.270060052,1.548461247,1.738347669,1.718923621
GAB,,,,,,,,,,,0.208422515,-0.606718933,-0.918754051,-1.28294373,-1.488181215,-1.21379256,-1.091870777,-1.317002035,-1.352697841,-1.503903277,-1.554579129,-1.34131817,-0.636031386,0.413571635,0.098707992,-0.195588665,-0.35241151,-0.594015709
GEO,,,,,-1.000249194,-0.788824043,-0.77033759,-0.749626762,-0.929623023,-0.864359393,-0.971779084,-0.813749976,-0.749201932,-0.738586459,-0.701641754,-0.586376673,-0.446466471,-0.616801433,-0.584565782,-0.208342234,-0.118378374,0.390181869,0.906983316,0.891324379,1.003095999,1.031916108,1.030413904,0.77382771
DEU,,,,,0.691170735,0.54218488,0.506645929,0.611386363,0.706745905,0.881096779,0.774694107,1.144348271,1.30945236,1.414677515,1.493194564,1.54493004,1.640622111,1.504121495,1.571466741,1.568765925,1.592225218,1.646445373,1.552246427,1.070262135,1.387054354,1.507189746,1.617925494,1.795471663
GHA,,,,,0.040780081,0.176891348,0.402262365,0.1976681,0.237326895,0.240430954,0.474065572,-0.064467095,-0.208331116,-0.420389821,-0.543798533,-0.33310645,-0.321947603,-0.312456856,-0.155432006,-0.308736764,-0.278894582,-0.133087742,0.197361335,0.560765257,0.460436181,0.505856789,0.449396532,0.308738067
GRC,,,,,0.39762108,0.607824656,0.31512094,0.5820443,0.664908703,0.851879072,0.900819781,1.300798821,1.272914829,1.404774999,1.35285721,1.140237353,1.111457785,1.085740089,1.163828977,1.235209338,1.17950926,1.043634105,0.823212561,0.333437877,0.541448927,0.706366229,0.802236717,0.745649798
GTM,,,,,,,,,,,,,,-0.506035837,-0.469887575,-0.457896244,-0.604494826,-0.685401202,-0.680259185,-0.707717921,-0.707373428,-0.38732959,0.259177927,0.685379613,0.566340543,0.394223566,0.49163962,0.456862547
GIN,,,,,,,,,,,,,,,,,,,,,,,-0.813519271,0.560565137,0.052323992,0.063885235,-0.30186219,-0.329451109
HND,,,,,,,,,,,,,,,,,,,,,,,,,,-0.340668046,-0.724143413,-0.642538398
HKG,,,,,1.626470482,1.340648827,1.090043804,1.140164785,0.985129748,1.15677942,1.077114205,1.635918181,1.655041031,1.769008279,1.690885765,1.581964784,1.578632657,1.55328712,1.513008988,1.576421444,1.567074133,1.220984786,0.84271347,0.16292402,0.375420547,0.530915521,0.832713317,0.798451838
HUN,,,,,0.096365228,-0.098703142,-0.211631255,-0.137844807,-0.265874098,0.16769491,0.181249817,0.610725073,0.767700246,0.714207481,0.782476347,0.732294922,0.786437244,0.816150737,0.870855127,0.792974527,0.782337671,0.923717381,0.884968615,0.649790218,0.780777951,0.751597919,0.793802877,0.661062888
IND,,,,,-0.307499341,-0.353466823,-0.292584876,-0.400942692,-0.364648757,-0.399652877,-0.529469657,-0.303273536,-0.342983873,-0.143772321,-0.132400789,-0.2641111,-0.326113706,-0.259650377,-0.335273077,-0.107141441,-0.051340623,-0.298506438,-0.932157355,-1.596393887,-1.407231523,-1.036904934,-0.800011723,-0.844720774
IDN,,,,,0.130939284,0.114155709,0.112705235,0.040210005,-0.014310557,-0.044192362,0.108893319,-0.226174156,-0.239923723,-0.258318134,-0.478919521,-0.270679476,-0.367382979,-0.259009639,-0.203477641,-0.092949959,-0.039085901,-0.115647465,-0.256792653,-0.538093009,-0.385742968,-0.346310036,-0.250187539,-0.046683534
IRN,,,,,-0.846217845,-0.814820568,-0.892740426,-0.73486402,-0.84664689,-0.648183017,-0.630219796,-0.109352949,-0.144120367,0.024939233,0.042223627,-0.351656888,-0.36502633,-0.139619781,-0.237871492,0.058547128,0.333669912,0.147629556,-0.186888511,-0.901992712,-0.363781156,-0.143853275,0.121765704,0.269811018
IRQ,,,,,,,,,,,-1.684127997,-1.367702504,-1.642281128,-1.010394836,-0.85567603,-1.096919821,-1.152654639,-1.037330658,-0.981149278,-0.770555937,-0.622546346,-0.900572453,-1.460414737,-1.700628986,-1.58016946,-1.293715639,-0.922126625,-0.837193782
IRL,,,,,1.566438395,1.548969297,1.476121923,1.502068943,1.501434148,1.544501868,1.608139171,1.80991535,1.997681613,2.048407904,1.912987649,2.064076965,2.115539323,1.984301459,2.058434676,1.943434871,1.864240922,1.973288188,2.041574783,1.782080202,1.792234282,1.831775441,1.857082574,1.906231852
ISR,,,,,1.991250149,1.939870412,1.713645143,1.8117877,1.808012274,1.795177873,1.768024983,2.060331312,2.117922061,2.062986543,2.007034695,2.087987982,2.095177422,2.142396624,2.152557189,1.933233953,1.933793093,2.066671922,1.924050972,1.56710435,1.715885628,1.759248683,1.871944551,1.900982252
ITA,,,,,0.722365284,0.696141487,0.592098368,0.631967844,0.477645576,0.723838571,0.694458816,1.116743919,1.173955654,1.34911822,1.477419228,1.476406802,1.443992748,1.515544101,1.657948884,1.574543364,1.587280115,1.608041005,1.556735938,1.132727938,1.346254366,1.419469065,1.66842553,1.73260495
JAM,,,,,-0.239523503,-0.021877846,-0.322690123,-0.164885626,0.653629531,0.371734392,0.147386282,-0.577531412,-1.006151732,-0.776934331,-0.778564154,-0.795400032,-0.50411551,-0.062163248,-0.027244521,-0.509148934,-0.544697108,-0.396939667,-0.061310161,0.19845528,0.188301914,0.623756698,0.623390212,0.673201858
JPN,,,,,-0.08085547,-0.065778419,-0.219296419,-0.235649435,-0.312148561,-0.160078502,-0.194583657,0.196711679,0.343839586,0.51426501,0.597519796,0.455454684,0.417866019,0.633492745,0.62727698,0.707367994,0.78718178,0.617507812,0.356007485,-0.244640466,0.100128896,0.392999322,0.741730572,0.841325258
JOR,,,,,-0.469310896,-0.472467408,-0.561447052,-0.535475393,-0.53155157,-0.638084457,-0.623773741,-0.323380372,-0.245966647,-0.147846456,-0.042587804,-0.143273013,-0.008451026,0.095850248,0.10499832,0.282975959,0.303239039,0.124710397,-0.177226724,-0.558160308,-0.396024488,-0.405650615,-0.215595681,-0.26216324
KAZ,,,,,,-1.631445739,-1.731120836,-1.414836278,-1.124613805,-1.39257645,-1.738080745,-1.20808248,-1.189460366,-1.12112571,-1.087485911,-1.337682592,-0.898359832,-0.776521589,-0.874650686,-0.658721824,-0.310367023,-0.673966368,-1.132714224,-1.183428598,-1.109929666,-1.193759246,-1.202486249,-1.319829371
KEN,,,,,0.535732781,0.546463756,0.70099492,0.625546004,0.629429421,0.589447583,0.584687528,0.182079981,0.004100704,-0.137027464,-0.228898495,0.014695017,-0.071085011,-0.144535481,-0.141932328,-0.15627979,-0.164221981,0.164563357,0.363268213,0.660603378,0.588831186,0.520034633,0.46145862,0.378151797
KWT,,,,,-0.370579064,-0.30146846,-0.19670799,-0.024984677,-0.170633186,0.022570511,0.112027065,0.292181166,0.237685139,0.311686592,0.257069127,0.017999765,-0.049205788,-0.08594727,-0.1330386,-0.00663958,0.011795529,0.003254609,-0.15476353,-0.599158428,-0.466842238,-0.595364687,-0.489415278,-0.740939477
KGZ,,,,,,,,,,,,,,,,,,,,,,,-0.071371945,0.474650316,0.40190491,0.017154086,-0.041090871,0.471064698
LAO,,,,,,,,,,,,,,-1.572619135,-1.828937176,-1.368016808,-1.385387965,-1.440023336,-1.059561342,-1.254399015,-1.379507491,-1.189147877,-0.738001147,0.088434493,-0.062258141,-0.379211388,-0.801556528,-0.800791289
LBN,,,,,0.006437031,0.286124121,0.372431068,0.429302698,0.433016349,0.643083908,0.539720341,0.782017749,0.854300175,0.831589273,0.804357619,0.72813184,0.790080323,0.861102034,0.808132629,0.769979584,0.683890205,0.671358869,0.544967047,0.268338734,0.257632734,0.409869058,0.572716845,0.60184485
LBR,,,,,,,,,,,,,,,,,,,,,,,,,,,,
LBY,,,,,,,,,,,,,-1.768813977,-1.401788409,-1.259753139,-1.512728969,-1.59882058,-1.622921588,-1.507578466,-1.315659924,-1.062836689,-1.236723969,-1.614370258,-1.49069721,-1.315201757,-1.358752554,-1.253838128,-1.275149321
LTU,,,,,-1.315351467,-1.329539395,-1.315980657,-1.242728217,-1.13970922,-1.108253165,-1.017380769,-0.731576719,-0.498503093,-0.309128197,-0.201481593,-0.401861932,-0.642195587,-0.47629716,-0.509370463,-0.185540336,-0.097704138,-0.188668556,-0.492933529,-0.482945162,-0.292543505,-0.400919614,-0.158058142,-0.390053882
MDG,,,,,,,0.189453753,-0.24169517,-0.437285147,-0.462311867,-0.399511143,-1.034548799,-1.211038002,-1.479020312,-1.445204344,-1.21996971,-1.129599714,-1.263003614,-1.136314786,-1.452671312,-1.543304489,-1.363557079,-0.76185375,0.182413338,0.119832766,-0.240725174,-0.654639855,-0.867452887
MWI,,,,,-0.261472843,-0.018342671,0.334715885,0.414720096,0.607259262,0.457634899,0.610562854,-0.119007146,-0.247234912,-0.565500793,-0.673756229,-0.560736772,-0.447308906,-0.679142204,-0.463736644,-0.744142605,-0.735262648,-0.374906951,0.156122812,0.656432946,0.543538273,0.333484092,0.148778998,-0.004396949
MYS,,,,,0.006527113,0.002257557,0.062929203,0.012849019,-0.083707039,-0.023265195,0.17355192,0.387976345,0.526828271,0.668596666,0.399703422,0.41641973,0.151815517,0.116951456,0.015035567,0.094319614,0.150955099,-0.158398043,-0.636462722,-1.214915091,-0.918523449,-0.822016313,-0.667554779,-0.603779278
MLI,,,,,,,,,,,-0.056960211,-0.98076396,-1.106511704,-1.511650445,-1.524277544,-1.293592508,-1.104431889,-1.269826967,-1.083919748,-1.387642848,-1.490952744,-1.218551142,-0.589436936,0.375437041,0.017615686,-0.24457759,-0.607432647,-0.762799804
MRT,,,,,,,,,,,,,,,,,,,,,,,,,,,,
MEX,,,,,-0.083773098,0.01441028,-0.089211878,-0.145482988,-0.128732701,-0.186982665,-0.297148243,-0.118829161,-0.104902007,0.038548272,0.150923442,0.064864358,0.10689964,0.09603958,0.141684806,0.231263294,0.28370432,0.312072244,0.193402372,0.184842026,0.361702378,0.47751769,0.666963823,0.549501377
MDA,,,,,-2.253388145,-2.373955168,-2.543196026,-2.472519668,-2.344926712,-2.397401258,-2.599054328,-1.908222041,-1.702410297,-1.196944002,-0.855077311,-1.362395403,-1.42977211,-1.109586743,-1.407755983,-0.985672053,-0.868723114,-1.261695133,-1.716009295,-1.783779619,-1.25934526,-0.575058283,-0.638790276,-0.523313597
MNG,,,,,,,,,,,,,-0.837859136,-0.716824034,-0.919396943,-0.678651003,-0.764872402,-0.972488838,-1.088496234,-1.141595883,-1.207338641,-1.170336986,-0.596966613,0.116187019,0.067127841,-0.016655147,-0.727268197,-0.723358062
MAR,,,,,-0.747836045,-0.854407781,-0.938853759,-0.84713598,-0.887584179,-0.68563605,-0.706435748,-0.374127955,-0.276345604,-0.125522285,0.016789258,-0.130054964,-0.177957778,0.015284269,-0.12026248,0.042948684,0.066157601,-0.316318092,-0.768864378,-1.267483496,-1.23007396,-1.093261704,-0.904242902,-0.925703611
MOZ,,,,,,,,,,,,,,-1.15921108,-1.276342349,-0.773739532,-0.854149745,-0.880671891,-0.789425587,-1.069691998,-1.122000067,-0.909921364,-0.317104141,0.396992084,0.205307942,-0.00424333,-0.312224166,-0.402924977
NAM,,,,,,,,,,,,-0.478858862,-0.735199989,-0.777557407,-0.88458344,,-0.633705623,-0.925999178,-0.799181897,-0.695090385,-0.805437069,-0.783824059,-0.368657475,0.165380674,-0.027319476,-0.265715743,-0.481362887,-0.246260178
NLD,,,,,1.842104177,1.823207443,1.747474829,1.718866426,1.737967204,1.880259005,1.80818759,1.978811431,1.973032075,1.919229185,1.956029065,2.168431921,2.07789821,2.030353108,2.053431511,1.886592307,1.780655503,1.990630734,2.126116424,1.87451344,1.968059876,2.141901777,2.121564656,2.137219536
NZL,,,,,2.101001537,2.072910435,1.983717368,1.947999961,1.938626573,1.876890411,1.893873376,2.037176241,1.988047666,1.870594248,1.701010985,1.944171321,1.956495992,1.844173179,1.883028043,1.702026741,1.683813562,1.854915007,1.920771955,1.700042974,1.640602787,1.579459408,1.608846075,1.619710362
NIC,,,,,,,,,,,,,,,,,,,,,,,-0.395622923,0.656797768,0.311097004,,,
NER,,,,,,,,,,,,,,,,-1.088320545,-1.063402928,-1.340123604,-1.263617252,-1.502182004,-1.481976659,-1.168056486,-0.534603805,0.299237012,-0.27326363,-0.535504101,,
NGA,,,,,0.031752458,0.161156952,0.24590662,0.175889261,0.244974982,0.359434768,0.372045777,0.050031298,-0.060048697,-0.230412929,-0.247949943,-0.165271374,-0.148795658,-0.170815961,-0.050074445,-0.082360451,0.025621366,0.09275664,0.17992474,0.053434742,0.017007468,0.047046445,0.06710019,0.082828911
PRK,,,,,,,,,,,,,,,,,,,,,,,,,-3.50036302,-3.356955178,-2.794636886,
MKD,,,,,-1.830536598,-1.848310545,-2.211051833,-2.097403358,-1.826424034,-1.836883073,-1.551380558,-1.213045729,-0.838750133,-0.609589266,-0.566378175,-0.667018905,-0.623121975,-0.488372135,-0.557418569,-0.363408892,-0.314388702,-0.446977518,-0.500520347,-0.841314315,-0.680836653,-0.466172102,-0.493490962,-0.466523049
NOR,,,,,1.71216446,1.617419655,1.590358707,1.747024682,1.751942854,1.715681066,1.732241309,1.824511829,1.721233662,1.765135213,1.725799164,1.896658666,1.948197881,1.890639714,1.895513898,1.772512813,1.623445735,1.755736973,1.801465614,1.548819952,1.588564217,1.617136647,1.679336811,1.65567214
OMN,,,,,-1.151819375,-1.093167046,-0.717460582,-0.729292423,-0.685545927,-0.59244685,-0.652920107,-0.397842235,-0.397974108,-0.243060949,-0.266051287,-0.398844221,-0.534943324,-0.514873233,-0.56905597,-0.531890203,-0.397137231,-0.350649802,-0.494352264,-0.738187062,-0.689676112,-0.780103095,-0.680096579,-0.793176659
PAK,,,,,-0.424507808,-0.405147697,-0.392086532,-0.256126541,-0.255032033,-0.34352489,-0.250863207,-0.605112416,-0.582408442,-0.438273442,-0.394303777,-0.426894802,-0.478421491,-0.508367567,-0.438542754,-0.352442501,-0.384898275,-0.572639635,-0.956909763,-1.455554432,-1.067432824,-1.041393696,-0.705180046,-0.639086509
PAN,,,,,-0.230483212,-0.217486492,-0.140525801,-0.016841555,-0.319291207,-0.308873774,-0.05954136,-0.582672165,-0.762532201,-0.902535919,-1.024000201,-0.804833859,-0.789593233,-0.754322458,-0.669478033,-0.776222936,-0.868862527,-0.810609842,-0.169100627,0.470959127,0.350726714,0.471441141,0.126128467,0.348215399
PNG,,,,,-0.416576398,-0.435020442,-0.443269504,-0.356417101,-0.233050411,-0.319340966,-0.261367801,-1.113963483,-1.266083701,-1.511550682,-1.483781558,-1.273900032,-1.1034058,-1.191268667,-1.162926158,-1.440024923,-1.56346501,-1.455336059,-0.940985748,0.238637453,0.133472496,-0.007783951,-0.760920577,-0.7157613
PRY,,,,,,,,,,,,,,,,,,,,,-0.755988117,-0.548910074,-0.522916146,-0.259082365,0.205404231,0.86806858,0.554214981,0.699375028
PER,,,,,-0.343758157,-0.016965571,0.217751961,0.104577449,0.182785995,0.230814487,0.322940221,-0.105148703,-0.104009648,-0.115817593,-0.224416267,0.012490335,0.189982913,0.220701189,0.04971491,-0.096560208,0.036137023,0.364471635,0.511299948,0.585132098,0.361351444,0.167916444,0.119520351,-0.006588942
PHL,,,,,0.120948552,0.124579532,0.410194666,0.362274931,0.397805467,0.298409367,0.459642877,0.034952139,-0.072470153,-0.224257846,-0.402247821,-0.142041923,-0.08036704,-0.179662571,0.014326802,0.026091381,-0.054806161,-0.076404765,-0.042904921,8.85794E-05,-0.195548222,-0.193489864,-0.303087567,-0.200558191
POL,,,,,-0.413996684,-0.395562919,-0.597547513,-0.519873345,-0.628258651,-0.478262486,-0.446404683,0.050519161,0.191527975,0.349607329,0.432498981,0.240278128,0.1984625,0.434113822,0.355416909,0.365494366,0.439580086,0.406040986,0.132302439,-0.249128647,-0.034468267,0.188513636,0.409109165,0.535822242
PRT,,,,,-0.273651989,-0.343028207,-0.412204355,-0.3035704,-0.405666048,-0.242387389,-0.210370287,0.184423283,0.330234108,0.533575341,0.540454384,0.434797007,0.478379364,0.614770897,0.563741464,0.732864063,0.819867801,0.672493676,0.653469528,0.405308163,0.599563195,0.816191257,0.855364145,0.882814248
QAT,,,,,,,,,,-2.125021454,-1.733638907,-1.019162074,-0.450544175,0.05946235,0.266702675,0.119627156,0.036447047,0.305274171,0.247185106,0.81482043,0.954211338,0.706767444,0.088032865,-0.548095253,-0.290547501,-0.199676685,-0.014823964,-0.09727311
COG,,,,,,,,,,,,-0.859095425,-1.040096286,-1.223134248,-1.374525446,-1.049830351,-0.846167572,-0.992505859,-1.036816182,-1.278607953,-1.296365234,-0.851782489,-0.363199636,0.414297496,0.298120215,0.022950714,-0.290816042,-0.534219681
ROU,,,,,-1.135430564,-1.178355173,-1.45270385,-1.340392416,-1.360355985,-1.157992097,-1.323729426,-0.707607566,-0.394725138,0.181342162,0.381301298,-0.01818317,-0.055707567,0.323963465,0.236107718,0.485350901,0.571327984,0.25202655,-0.116505205,-0.706183989,-0.482177687,-0.349595036,-0.073654476,-0.396331708
RUS,,,,,-0.546827673,-0.753052975,-0.891055112,-0.891907852,-0.90123323,-0.744077098,-0.949001472,-0.370372234,-0.179197536,0.06587896,0.205785888,-0.045451979,0.014555475,0.110762133,0.120283067,0.336887499,0.551412831,0.389984627,-0.048484485,-0.65508986,-0.461294666,-0.309383357,-0.089346934,-0.047282738
SAU,,,,,0.395072546,0.344317945,0.025112653,-0.023742887,-0.151877171,-0.048089518,-0.1689991,0.020105987,0.264056608,0.316861288,0.335668757,-0.007193361,-0.161759503,-0.231897972,-0.410110218,-0.112915145,0.007100027,-0.273859819,-0.916518872,-1.431148389,-1.042916044,-0.774804359,-0.428370796,-0.446889752
SEN,,,,,-0.070418268,-0.067530309,0.24716399,0.085518673,0.326333132,0.154305385,0.380019238,-0.468378062,-0.737590085,-0.993108402,-1.225443228,-0.963219866,-0.72476198,-0.845924474,-0.795510574,-0.993315157,-1.151897331,-0.881780727,-0.307870873,0.256057805,0.179178552,-0.052501867,-0.464213358,-0.667891439
SRB,,,,,-0.855304888,-0.928678234,-1.01815354,-0.974365882,-1.327776827,-0.979511647,-1.071217176,-0.658660915,-0.462368629,-0.19247348,-0.013549538,-0.283847364,-0.334352824,-0.224692218,-0.325027468,-0.059878845,0.137617829,0.028417755,-0.285467911,-0.657336335,-0.367109284,-0.172393889,-0.038233681,-0.140912624
SLE,,,,,,,,,,,,,,,,,,,,,,-1.165124104,-0.760718504,0.64131335,0.166934532,-0.12904832,-0.485287597,-0.510498779
SGP,,,,,0.837499806,0.701095206,0.509965461,0.480567658,0.251800372,0.404586238,0.3423119,0.953955912,1.015708306,1.082390526,1.072965199,0.787783709,0.652239168,0.780958637,0.748274606,0.894118127,1.017662855,0.785734346,0.154676411,-0.666453767,-0.419152362,-0.218676201,0.309547907,0.484007698
SVK,,,,,-0.625555738,-0.520535239,-0.508552098,-0.58587579,-0.630071621,-0.498170525,-0.538754004,-0.266248862,-0.244994004,-0.179289005,-0.173459181,-0.260634471,-0.31676613,-0.165868666,-0.231942459,0.07105029,0.064852566,-0.044585175,-0.160214882,-0.461096569,-0.349634888,-0.503493737,-0.388308359,-0.584512035
SVN,,,,,-0.45336796,-0.454029417,-0.390117112,-0.327342479,-0.491686534,-0.340569287,-0.289974156,0.244198165,0.260657855,0.411307385,0.493108696,0.336696774,0.239757091,0.396252303,0.260089368,0.34337529,0.388702638,0.262830521,0.094915464,-0.271016093,0.016025022,-0.027633749,0.041888597,0.031478578
ZAF,,,,,1.328175497,1.350122955,1.367517547,1.43643868,1.412126778,1.435080584,1.441311015,1.398783848,1.168528452,1.041606613,0.868232722,0.943099196,1.054067586,1.006094687,1.024310362,1.002670695,0.987348008,1.180644864,1.359999285,1.229912536,1.192672027,1.16653372,1.186089481,1.112914536
KOR,,,,,-0.222772076,-0.317680386,-0.698028969,-0.630006917,-0.797244792,-0.683547072,-0.767589501,-0.336469003,-0.214424612,-0.009070943,0.125763168,0.0098749,0.02193456,0.250934571,0.156771946,0.236936801,0.534311867,0.247528845,-0.215859451,-0.820222618,-0.402041442,-0.191071921,-0.063389305,-0.044158049
SSD,,,,,,,,,,,,,,,,,,,,,,,,,,,,
ESP,,,,,0.71900196,0.661874432,0.598631984,0.592763859,0.585971759,0.677530069,0.746971736,0.913650796,0.916254977,1.144314895,1.320795877,1.362208676,1.431826422,1.4409564,1.464477702,1.44485621,1.378063805,1.504786302,1.525106397,1.270048275,1.506620326,1.590546935,1.647280554,1.727795624
LKA,,,,,-0.446198757,-0.179041305,0.12151572,0.040046937,-0.063580038,-0.1760839,-0.0284649,-0.295111509,-0.317206036,-0.323679784,-0.294839759,-0.163308665,-0.192230752,-0.266352991,-0.279732943,-0.391814392,-0.373904746,-0.339450424,-0.533802672,-0.375097128,-0.607523706,-0.63189214,-0.622521931,-0.734543636
SDN,,,,,-0.330778478,-0.30708433,-0.002699032,-0.036671019,0.079941235,-0.129063715,-0.036908945,-0.77232906,-0.777687518,-1.171559935,-1.314333697,-1.065272,-1.083893055,-0.933178382,-0.978187401,-1.161494692,-1.098411923,-1.188369241,-1.12569902,-0.939448581,-1.073057295,-0.864468052,-0.876254995,-1.123954896
SWE,,,,,1.467915471,1.517836359,1.406918024,1.306286952,1.407267472,1.502245452,1.529181151,1.791989388,1.81855805,1.847156644,1.852616785,1.964325701,1.963540395,1.861491036,1.849350108,1.738408873,1.671436969,1.855696631,2.046244577,1.792650107,1.809968105,1.887850258,1.945252489,1.993371138
CHE,,,,,0.74205231,0.685123803,0.770332359,0.885567105,0.846985005,0.972466524,0.942960393,1.09135503,1.232801258,1.205383249,1.183477708,1.457130482,1.527978603,1.415844752,1.48089932,1.346989938,1.371086246,1.625760113,1.686449511,1.595343644,1.731219102,1.938591175,1.938593827,1.936846005
SYR,,,,,-0.580609594,-0.462941054,-0.552448609,-0.75590842,-0.359055405,-0.72375085,-0.656873104,-0.872349352,-0.875908704,-0.895660452,-0.862801172,-0.992542199,-0.94931024,-1.063809647,-0.874069668,-0.977247669,-1.132614605,-1.232157891,-1.446698938,-1.765859425,-1.946311666,-1.846381162,-1.699808384,-1.889192948
TJK,,,,,,,,,,,,,,,,,,,,,,,,,,-1.409710158,-1.456715141,
TZA,,,,,0.101950081,0.387807031,0.680935888,0.479819521,0.453480855,0.271962578,0.407953197,-0.100299957,-0.177422268,-0.353344397,-0.508990519,-0.475160449,-0.407530625,-0.402315444,-0.255225065,-0.375615708,-0.36612597,-0.284834295,0.1539006,0.571411972,0.510869141,0.365385184,0.207364297,0.044753821
THA,,,,,0.330933646,0.298273319,0.284976439,0.300481599,0.183462897,0.201908571,0.231930229,0.160868392,0.121572776,0.010573882,-0.00960894,-0.158551449,-0.328131068,-0.390635495,-0.456463073,-0.402419892,-0.355139199,-0.424258163,-0.437797639,-0.641476057,-0.556735314,-0.531015081,-0.221579907,-0.147474364
TGO,,,,,,,,,,,,,,,,,,,,,,,,,,-0.998618666,-1.408218267,
TUN,,,,,-0.906507872,-0.91019426,-0.959893473,-0.921498668,-0.713270162,-0.57954042,-0.489975612,-0.130410926,-0.105173198,0.110446839,0.172013207,0.020687318,0.097052521,0.230579858,0.106082878,0.181680607,0.164160348,-0.08727156,-0.747949357,-1.459601032,-1.045349152,-1.086430205,-0.750089201,-0.731701664
TUR,,,,,0.48728769,0.504123369,0.463709547,0.494711932,0.522631225,0.708176074,0.555957696,0.830925997,0.789298966,0.827941174,0.883720129,0.793657969,0.799909709,0.871084281,0.858571435,0.861921724,0.917753526,0.973614161,0.759136907,0.26768277,0.366966598,0.59361611,0.959215654,0.892919965
TKM,,,,,,,,,,,,,,,,,,,,,,,,,,,,
UGA,,,,,0.026483082,0.465474968,0.753266958,0.611074207,0.632525499,0.497997179,0.607173556,0.044268685,-0.183382387,-0.485765736,-0.579988414,-0.36533172,-0.41361512,-0.383614486,-0.133751817,-0.324222523,-0.329257961,-0.082136306,0.499257271,0.842762452,0.761641069,0.600322948,0.404472983,0.178216573
UKR,,,,,-1.189543728,-1.204700569,-1.327335651,-1.355922513,-1.450066847,-1.243203251,-1.388197135,-0.872898023,-0.721048565,-0.37351429,-0.154385592,-0.495733474,-0.427600928,-0.276850598,-0.394378138,-0.040610968,0.226959171,-0.302034598,-1.058727933,-1.531224284,-1.218182069,-0.967450578,-0.807776787,-0.768167691
ARE,,,,,-0.316597748,-0.085395751,0.04887922,0.034680427,-0.166868047,0.152495304,0.116902743,0.708583077,0.714586268,0.723528886,0.624453224,0.608700845,0.56923785,0.575753871,0.539605369,0.901678935,0.90270895,0.445433349,-0.071018913,-0.678128679,-0.526300161,-0.401664158,-0.142490153,-0.198968698
GBR,,,,,2.793488709,2.780394392,2.590723796,2.573779147,2.551290105,2.568726764,2.534692225,2.692669339,2.636980495,2.456373364,2.365757229,2.548926236,2.564460247,2.435908932,2.494991435,2.259593991,2.172553662,2.411629157,2.56883395,2.250022337,2.24958052,2.370424665,2.393815741,2.412753139
USA,,,,,2.885442082,2.864380199,2.624232102,2.631627558,2.592118307,2.570392209,2.56565896,2.810803338,2.808999506,2.603221664,2.493250538,2.76764161,2.675898445,2.59658526,2.578641457,2.36278726,2.269663888,2.515640154,2.715014153,2.303739031,2.310615698,2.400994264,2.4789736,2.494493088
URY,,,,,-0.236823531,-0.152429958,-0.090855201,0.037117304,0.04325957,0.070516255,0.231532451,-0.030268708,-0.02835036,-0.090927779,-0.111412363,0.092372861,0.044251144,-0.05231317,0.071666695,-0.006589934,-0.168542993,-0.040736898,-0.014551848,0.176561446,0.154007423,0.319620117,0.257518462,-0.072245109
UZB,,,,,-1.727447631,-1.832459168,-1.938668716,-1.988510435,-1.743466089,-1.547670844,-1.495933544,-1.405638841,-1.332969615,-1.187569411,-1.03279685,-1.114240872,-1.146659491,-0.916699515,-1.096608046,-0.855723212,-0.838546118,-0.974835534,-1.173776655,-0.914604792,-1.157883339,-1.438894612,-1.265182198,-1.279036743
VEN,,,,,-0.428902996,-0.56378911,-0.522983452,-0.608094511,-0.536345145,-0.501784385,-0.605898954,-0.634782892,-0.462648858,-0.30857931,-0.262413593,-0.346162079,-0.381382084,-0.438771916,-0.427062232,-0.410019061,-0.548774214,-0.470328383,-0.483963812,-0.467127678,-0.314030601,-0.291701988,-0.459958123,-0.507983957
VNM,,,,,-0.767026265,-0.719956103,-0.699771648,-0.48576681,-0.423212242,-0.363229681,-0.111426949,-0.177432744,-0.24699009,-0.402711508,-0.370863481,-0.478908111,-0.454933313,-0.413209219,-0.501852941,-0.33544072,-0.322716852,-0.540906098,-0.845911455,-1.147230725,-1.13385529,-1.159622016,-0.977233756,-0.848101577
YEM,,,,,,,,,,,,,,,,-1.135543534,-1.236659873,-1.214564617,-1.243032464,-1.14586843,-0.744881371,-0.832518464,-1.262939549,-1.422919243,-1.758005876,-1.541295134,-1.402010042,-1.56514535
ZMB,,,,,,-0.087699299,0.264275945,0.513648537,0.499051625,0.280318974,0.353739203,-0.575256337,-0.623485815,-0.560367669,-0.744032349,-0.346128543,-0.5000671,-0.767533139,-0.543401,-0.910319031,-0.948239973,-0.559634434,-0.192679696,0.440424425,0.193312775,0.121554133,-0.133367645,-0.33487053
ZWE,,,,,0.585495336,0.643833966,0.831240526,0.635577155,0.576690234,0.340260793,0.308919923,-0.371329628,-0.518605158,-0.814957251,-0.91087645,-0.622540781,-0.600913297,-0.719592748,-0.660624244,-0.635991356,-0.872504696,-0.648750169,-0.126493542,0.391685469,0.234482787,0.01773237,-0.318705055,-0.408920309